colour	key	showSelectedlegendcolour	showSelected2	fill	group
#F8766D	initial	initial	0	#F8766D	1
#F8766D	initial	initial	1	#F8766D	2
#F8766D	initial	initial	2	#F8766D	3
#F8766D	initial	initial	3	#F8766D	4
#F8766D	initial	initial	4	#F8766D	5
#F8766D	initial	initial	5	#F8766D	6
#F8766D	initial	initial	6	#F8766D	7
#F8766D	initial	initial	7	#F8766D	8
#F8766D	initial	initial	8	#F8766D	9
#F8766D	initial	initial	9	#F8766D	10
#F8766D	initial	initial	10	#F8766D	11
#F8766D	initial	initial	11	#F8766D	12
#F8766D	initial	initial	12	#F8766D	13
#F8766D	initial	initial	13	#F8766D	14
#F8766D	initial	initial	14	#F8766D	15
#F8766D	initial	initial	15	#F8766D	16
#F8766D	initial	initial	16	#F8766D	17
#F8766D	initial	initial	17	#F8766D	18
#F8766D	initial	initial	18	#F8766D	19
#F8766D	initial	initial	19	#F8766D	20
#F8766D	initial	initial	20	#F8766D	21
#F8766D	initial	initial	21	#F8766D	22
#F8766D	initial	initial	22	#F8766D	23
#F8766D	initial	initial	23	#F8766D	24
#F8766D	initial	initial	24	#F8766D	25
#F8766D	initial	initial	25	#F8766D	26
#F8766D	initial	initial	26	#F8766D	27
#F8766D	initial	initial	27	#F8766D	28
#F8766D	initial	initial	28	#F8766D	29
#F8766D	initial	initial	29	#F8766D	30
#F8766D	initial	initial	30	#F8766D	31
#F8766D	initial	initial	31	#F8766D	32
#F8766D	initial	initial	32	#F8766D	33
#F8766D	initial	initial	33	#F8766D	34
#F8766D	initial	initial	34	#F8766D	35
#F8766D	initial	initial	35	#F8766D	36
#F8766D	initial	initial	36	#F8766D	37
#F8766D	initial	initial	37	#F8766D	38
#F8766D	initial	initial	38	#F8766D	39
#F8766D	initial	initial	39	#F8766D	40
#F8766D	initial	initial	40	#F8766D	41
#F8766D	initial	initial	41	#F8766D	42
#F8766D	initial	initial	42	#F8766D	43
#F8766D	initial	initial	43	#F8766D	44
#F8766D	initial	initial	44	#F8766D	45
#F8766D	initial	initial	45	#F8766D	46
#F8766D	initial	initial	46	#F8766D	47
#F8766D	initial	initial	47	#F8766D	48
#F8766D	initial	initial	48	#F8766D	49
#F8766D	initial	initial	49	#F8766D	50
#F8766D	initial	initial	50	#F8766D	51
#F8766D	initial	initial	51	#F8766D	52
#F8766D	initial	initial	52	#F8766D	53
#F8766D	initial	initial	53	#F8766D	54
#F8766D	initial	initial	54	#F8766D	55
#F8766D	initial	initial	55	#F8766D	56
#F8766D	initial	initial	56	#F8766D	57
#F8766D	initial	initial	57	#F8766D	58
#F8766D	initial	initial	58	#F8766D	59
#F8766D	initial	initial	59	#F8766D	60
#F8766D	initial	initial	60	#F8766D	61
#F8766D	initial	initial	61	#F8766D	62
#F8766D	initial	initial	62	#F8766D	63
#F8766D	initial	initial	63	#F8766D	64
#F8766D	initial	initial	64	#F8766D	65
#F8766D	initial	initial	65	#F8766D	66
#F8766D	initial	initial	66	#F8766D	67
#F8766D	initial	initial	67	#F8766D	68
#F8766D	initial	initial	68	#F8766D	69
#F8766D	initial	initial	69	#F8766D	70
#F8766D	initial	initial	70	#F8766D	71
#F8766D	initial	initial	71	#F8766D	72
#F8766D	initial	initial	72	#F8766D	73
#F8766D	initial	initial	73	#F8766D	74
#F8766D	initial	initial	74	#F8766D	75
#F8766D	initial	initial	75	#F8766D	76
#F8766D	initial	initial	76	#F8766D	77
#F8766D	initial	initial	77	#F8766D	78
#F8766D	initial	initial	78	#F8766D	79
#F8766D	initial	initial	79	#F8766D	80
#F8766D	initial	initial	80	#F8766D	81
#F8766D	initial	initial	81	#F8766D	82
#F8766D	initial	initial	82	#F8766D	83
#F8766D	initial	initial	83	#F8766D	84
#F8766D	initial	initial	84	#F8766D	85
#F8766D	initial	initial	85	#F8766D	86
#F8766D	initial	initial	86	#F8766D	87
#F8766D	initial	initial	87	#F8766D	88
#F8766D	initial	initial	88	#F8766D	89
#F8766D	initial	initial	89	#F8766D	90
#F8766D	initial	initial	90	#F8766D	91
#F8766D	initial	initial	91	#F8766D	92
#F8766D	initial	initial	92	#F8766D	93
#F8766D	initial	initial	93	#F8766D	94
#F8766D	initial	initial	94	#F8766D	95
#F8766D	initial	initial	95	#F8766D	96
#F8766D	initial	initial	96	#F8766D	97
#F8766D	initial	initial	97	#F8766D	98
#F8766D	initial	initial	98	#F8766D	99
#F8766D	initial	initial	99	#F8766D	100
#F8766D	initial	initial	100	#F8766D	101
#00BFC4	optimized	optimized	0	#00BFC4	102
#00BFC4	optimized	optimized	1	#00BFC4	103
#00BFC4	optimized	optimized	2	#00BFC4	104
#00BFC4	optimized	optimized	3	#00BFC4	105
#00BFC4	optimized	optimized	4	#00BFC4	106
#00BFC4	optimized	optimized	5	#00BFC4	107
#00BFC4	optimized	optimized	6	#00BFC4	108
#00BFC4	optimized	optimized	7	#00BFC4	109
#00BFC4	optimized	optimized	8	#00BFC4	110
#00BFC4	optimized	optimized	9	#00BFC4	111
#00BFC4	optimized	optimized	10	#00BFC4	112
#00BFC4	optimized	optimized	11	#00BFC4	113
#00BFC4	optimized	optimized	12	#00BFC4	114
#00BFC4	optimized	optimized	13	#00BFC4	115
#00BFC4	optimized	optimized	14	#00BFC4	116
#00BFC4	optimized	optimized	15	#00BFC4	117
#00BFC4	optimized	optimized	16	#00BFC4	118
#00BFC4	optimized	optimized	17	#00BFC4	119
#00BFC4	optimized	optimized	18	#00BFC4	120
#00BFC4	optimized	optimized	19	#00BFC4	121
#00BFC4	optimized	optimized	20	#00BFC4	122
#00BFC4	optimized	optimized	21	#00BFC4	123
#00BFC4	optimized	optimized	22	#00BFC4	124
#00BFC4	optimized	optimized	23	#00BFC4	125
#00BFC4	optimized	optimized	24	#00BFC4	126
#00BFC4	optimized	optimized	25	#00BFC4	127
#00BFC4	optimized	optimized	26	#00BFC4	128
#00BFC4	optimized	optimized	27	#00BFC4	129
#00BFC4	optimized	optimized	28	#00BFC4	130
#00BFC4	optimized	optimized	29	#00BFC4	131
#00BFC4	optimized	optimized	30	#00BFC4	132
#00BFC4	optimized	optimized	31	#00BFC4	133
#00BFC4	optimized	optimized	32	#00BFC4	134
#00BFC4	optimized	optimized	33	#00BFC4	135
#00BFC4	optimized	optimized	34	#00BFC4	136
#00BFC4	optimized	optimized	35	#00BFC4	137
#00BFC4	optimized	optimized	36	#00BFC4	138
#00BFC4	optimized	optimized	37	#00BFC4	139
#00BFC4	optimized	optimized	38	#00BFC4	140
#00BFC4	optimized	optimized	39	#00BFC4	141
#00BFC4	optimized	optimized	40	#00BFC4	142
#00BFC4	optimized	optimized	41	#00BFC4	143
#00BFC4	optimized	optimized	42	#00BFC4	144
#00BFC4	optimized	optimized	43	#00BFC4	145
#00BFC4	optimized	optimized	44	#00BFC4	146
#00BFC4	optimized	optimized	45	#00BFC4	147
#00BFC4	optimized	optimized	46	#00BFC4	148
#00BFC4	optimized	optimized	47	#00BFC4	149
#00BFC4	optimized	optimized	48	#00BFC4	150
#00BFC4	optimized	optimized	49	#00BFC4	151
#00BFC4	optimized	optimized	50	#00BFC4	152
#00BFC4	optimized	optimized	51	#00BFC4	153
#00BFC4	optimized	optimized	52	#00BFC4	154
#00BFC4	optimized	optimized	53	#00BFC4	155
#00BFC4	optimized	optimized	54	#00BFC4	156
#00BFC4	optimized	optimized	55	#00BFC4	157
#00BFC4	optimized	optimized	56	#00BFC4	158
#00BFC4	optimized	optimized	57	#00BFC4	159
#00BFC4	optimized	optimized	58	#00BFC4	160
#00BFC4	optimized	optimized	59	#00BFC4	161
#00BFC4	optimized	optimized	60	#00BFC4	162
#00BFC4	optimized	optimized	61	#00BFC4	163
#00BFC4	optimized	optimized	62	#00BFC4	164
#00BFC4	optimized	optimized	63	#00BFC4	165
#00BFC4	optimized	optimized	64	#00BFC4	166
#00BFC4	optimized	optimized	65	#00BFC4	167
#00BFC4	optimized	optimized	66	#00BFC4	168
#00BFC4	optimized	optimized	67	#00BFC4	169
#00BFC4	optimized	optimized	68	#00BFC4	170
#00BFC4	optimized	optimized	69	#00BFC4	171
#00BFC4	optimized	optimized	70	#00BFC4	172
#00BFC4	optimized	optimized	71	#00BFC4	173
#00BFC4	optimized	optimized	72	#00BFC4	174
#00BFC4	optimized	optimized	73	#00BFC4	175
#00BFC4	optimized	optimized	74	#00BFC4	176
#00BFC4	optimized	optimized	75	#00BFC4	177
#00BFC4	optimized	optimized	76	#00BFC4	178
#00BFC4	optimized	optimized	77	#00BFC4	179
#00BFC4	optimized	optimized	78	#00BFC4	180
#00BFC4	optimized	optimized	79	#00BFC4	181
#00BFC4	optimized	optimized	80	#00BFC4	182
#00BFC4	optimized	optimized	81	#00BFC4	183
#00BFC4	optimized	optimized	82	#00BFC4	184
#00BFC4	optimized	optimized	83	#00BFC4	185
#00BFC4	optimized	optimized	84	#00BFC4	186
#00BFC4	optimized	optimized	85	#00BFC4	187
#00BFC4	optimized	optimized	86	#00BFC4	188
#00BFC4	optimized	optimized	87	#00BFC4	189
#00BFC4	optimized	optimized	88	#00BFC4	190
#00BFC4	optimized	optimized	89	#00BFC4	191
#00BFC4	optimized	optimized	90	#00BFC4	192
#00BFC4	optimized	optimized	91	#00BFC4	193
#00BFC4	optimized	optimized	92	#00BFC4	194
#00BFC4	optimized	optimized	93	#00BFC4	195
#00BFC4	optimized	optimized	94	#00BFC4	196
#00BFC4	optimized	optimized	95	#00BFC4	197
#00BFC4	optimized	optimized	96	#00BFC4	198
#00BFC4	optimized	optimized	97	#00BFC4	199
#00BFC4	optimized	optimized	98	#00BFC4	200
#00BFC4	optimized	optimized	99	#00BFC4	201
#00BFC4	optimized	optimized	100	#00BFC4	202
